Workbook

Sheet Tổng hợp phí
A1: BẢNG TỔNG HỢP PHÍ TỪ ĐỐI TÁC NGÂN HÀNG
A2: Tháng 05/2024
A4: STT | B4: Ngân hàng đối tác | C4: Mã đối tác | D4: Số giao dịch (thành công) | E4: Doanh số (VND) | F4: Phí cố định (VND) | G4: Tỷ lệ phí (%) | H4: Phí biến đổi (VND) | I4: Tổng phí (VND)
A5: 1 | B5: Vietcombank | C5: VCB | D5: 128345 | E5: 25364580000 | F5: 1000000 | G5: 0.0008 | H5: =E5*G5 -> 20291664 | I5: =F5+H5 -> 21291664
A6: 2 | B6: BIDV | C6: BIDV | D6: 96732 | E6: 18245760000 | F6: 1000000 | G6: 0.0008 | H6: =E6*G6 -> 14596608 | I6: =F6+H6 -> 15596608
A7: 3 | B7: VietinBank | C7: CTG | D7: 87531 | E7: 16834210000 | F7: 1000000 | G7: 0.0007 | H7: =E7*G7 -> 11783947 | I7: =F7+H7 -> 12783947
A8: 4 | B8: Techcombank | C8: TCB | D8: 74113 | E8: 14102330000 | F8: 1000000 | G8: 0.0007 | H8: =E8*G8 -> 9871631 | I8: =F8+H8 -> 10871631
A9: 5 | B9: MB Bank | C9: MBB | D9: 63921 | E9: 12009880000 | F9: 1000000 | G9: 0.0008 | H9: =E9*G9 -> 9607904 | I9: =F9+H9 -> 10607904
A10: 6 | B10: ACB | C10: ACB | D10: 52448 | E10: 9455230000 | F10: 1000000 | G10: 0.0008 | H10: =E10*G10 -> 7564184 | I10: =F10+H10 -> 8564184
A11: 7 | B11: VPBank | C11: VPB | D11: 49302 | E11: 8921450000 | F11: 1000000 | G11: 0.0008 | H11: =E11*G11 -> 7137160 | I11: =F11+H11 -> 8137160
A12: 8 | B12: TPBank | C12: TPB | D12: 38654 | E12: 6784120000 | F12: 1000000 | G12: 0.0008 | H12: =E12*G12 -> 5427296 | I12: =F12+H12 -> 6427296
A13: 9 | B13: OCB | C13: OCB | D13: 27832 | E13: 4982630000 | F13: 1000000 | G13: 0.0008 | H13: =E13*G13 -> 3986104 | I13: =F13+H13 -> 4986104
A14: 10 | B14: SHB | C14: SHB | D14: 22145 | E14: 3765230000 | F14: 1000000 | G14: 0.0008 | H14: =E14*G14 -> 3012184 | I14: =F14+H14 -> 4012184
A17: TỔNG HỢP
A18: Tổng số giao dịch | D18: =SUM(D5:D14) -> 641023
A19: Tổng doanh số (VND) | D19: =SUM(E5:E14) -> 120465420000
A20: Tổng phí cố định (VND) | D20: =SUM(F5:F14) -> 10000000
A21: Tổng phí biến đổi (VND) | D21: =SUM(H5:H14) -> 93278682
A22: Tổng phí (VND) | D22: =SUM(I5:I14) -> 103278682
A23: Tỷ lệ phí bình quân | D23: =D22/D19 -> 0.00085733053
A25: Ghi chú: Phí = Phí cố định + (Doanh số × Tỷ lệ phí)

Sheet Dữ liệu giao dịch
A1: Mã GD (dữ liệu thô) | B1: Mã GD (đã TRIM) | C1: Tên người dùng
B2: =IF(A2="","",TRIM(A2)) | C2: =IF(B2="","",TRIM(VLOOKUP(B2,'Bảng tra cứu'!$A$2:$B$1000,2,FALSE())))
B3: =IF(A3="","",TRIM(A3)) | C3: =IF(B3="","",TRIM(VLOOKUP(B3,'Bảng tra cứu'!$A$2:$B$1000,2,FALSE())))
B4: =IF(A4="","",TRIM(A4)) | C4: =IF(B4="","",TRIM(VLOOKUP(B4,'Bảng tra cứu'!$A$2:$B$1000,2,FALSE())))
B5: =IF(A5="","",TRIM(A5)) | C5: =IF(B5="","",TRIM(VLOOKUP(B5,'Bảng tra cứu'!$A$2:$B$1000,2,FALSE())))
B6: =IF(A6="","",TRIM(A6)) | C6: =IF(B6="","",TRIM(VLOOKUP(B6,'Bảng tra cứu'!$A$2:$B$1000,2,FALSE())))
B7: =IF(A7="","",TRIM(A7)) | C7: =IF(B7="","",TRIM(VLOOKUP(B7,'Bảng tra cứu'!$A$2:$B$1000,2,FALSE())))
B8: =IF(A8="","",TRIM(A8)) | C8: =IF(B8="","",TRIM(VLOOKUP(B8,'Bảng tra cứu'!$A$2:$B$1000,2,FALSE())))
B9: =IF(A9="","",TRIM(A9)) | C9: =IF(B9="","",TRIM(VLOOKUP(B9,'Bảng tra cứu'!$A$2:$B$1000,2,FALSE())))
B10: =IF(A10="","",TRIM(A10)) | C10: =IF(B10="","",TRIM(VLOOKUP(B10,'Bảng tra cứu'!$A$2:$B$1000,2,FALSE())))
B11: =IF(A11="","",TRIM(A11)) | C11: =IF(B11="","",TRIM(VLOOKUP(B11,'Bảng tra cứu'!$A$2:$B$1000,2,FALSE())))
B12: =IF(A12="","",TRIM(A12)) | C12: =IF(B12="","",TRIM(VLOOKUP(B12,'Bảng tra cứu'!$A$2:$B$1000,2,FALSE())))
B13: =IF(A13="","",TRIM(A13)) | C13: =IF(B13="","",TRIM(VLOOKUP(B13,'Bảng tra cứu'!$A$2:$B$1000,2,FALSE())))
... B200: =IF(A200="","",TRIM(A200)) | C200: =IF(B200="","",TRIM(VLOOKUP(B200,'Bảng tra cứu'!$A$2:$B$1000,2,FALSE())))

Sheet Bảng tra cứu
A1: Mã GD | B1: Tên người dùng

Sheet Ghi chú
A1: Mục | B1: Nội dung
A2: Nguồn số liệu | B2: Sheet 'Tổng hợp phí' nhập đúng 10 dòng ngân hàng trong ảnh đề bài (Tháng 05/2024). Không thêm dữ liệu ngoài đề.
A3: RECORD (Tổng hợp phí) | B3: Mỗi dòng = 1 ngân hàng đối tác trong tháng; 10 record; khóa là Mã đối tác.
A4: FIELD nhập | B4: STT, Ngân hàng đối tác, Mã đối tác, Số giao dịch (thành công), Doanh số (VND), Phí cố định (VND), Tỷ lệ phí (%).
A5: FIELD tính toán | B5: Phí biến đổi = Doanh số × Tỷ lệ phí; Tổng phí = Phí cố định + Phí biến đổi.
A6: RECORD (Dữ liệu giao dịch) | B6: Mỗi dòng = 1 giao dịch, khóa là Mã GD. Đề bài chưa cung cấp dữ liệu giao dịch nên sheet chỉ có khung và công thức.
A7: Cách dùng khung tra cứu | B7: Dán mã GD thô vào cột A của 'Dữ liệu giao dịch'; dán danh sách Mã GD và Tên người dùng vào 'Bảng tra cứu'. Cột B (TRIM) và C (VLOOKUP FALSE) tự tính.
A8: Chú thích màu | B8: Chữ xanh dương = ô nhập dữ liệu; chữ đen = công thức.
A9: Quy tắc dữ liệu | B9: Không Merge Cell; không hàng trống giữa các bản ghi; dòng tiêu đề riêng; mỗi cột một kiểu dữ liệu.
A10: Lưu ý số tổng trong ảnh | B10: Công thức SUM trên 10 dòng cho 641,023 giao dịch, phí biến đổi 93,278,682 và tổng phí 103,278,682. Dòng tổng trong ảnh ghi 637,023; 92,678,682 và 102,678,682 (lệch 4,000; 600,000; 600,000). File này giữ kết quả công thức.
